eval_episode,total_reward,player_score,cpu_score,episode_length,win_flag
1,339.94000000000005,18,21,4282,0
2,380.0599999999998,20,21,4619,0
3,5401.0,21,20,4545,1
4,359.8999999999999,19,21,4388,0
5,360.02,19,21,4311,0
6,319.93999999999994,17,21,4178,0
7,5401.0,21,20,4545,1
8,5401.0199999999995,21,20,4544,1
9,380.01999999999987,20,21,4630,0
10,379.9599999999999,20,21,4624,0
