eval_episode,total_reward,player_score,cpu_score,episode_length,win_flag
1,379.9999999999999,20,21,4416,0
2,380.0999999999999,20,21,4612,0
3,5400.98,21,20,4546,1
4,5401.0199999999995,21,20,4544,1
5,5401.12,21,20,4539,1
6,5401.0199999999995,21,20,4544,1
7,5401.12,21,20,4539,1
8,380.01999999999987,20,21,4415,0
9,379.9599999999999,20,21,4487,0
10,5401.04,21,20,4543,1
