eval_episode,total_reward,player_score,cpu_score,episode_length,win_flag
1,5401.099999999999,21,20,4540,1
2,320.0000000000001,17,21,4374,0
3,5401.0599999999995,21,20,4542,1
4,379.93999999999994,20,21,4419,0
5,360.0,19,21,4447,0
6,359.9599999999999,19,21,4314,0
7,5400.98,21,20,4546,1
8,360.02,19,21,4446,0
9,5401.08,21,20,4541,1
10,380.0799999999999,20,21,4412,0
