eval_episode,total_reward,player_score,cpu_score,episode_length,win_flag
1,340.09999999999985,18,21,4686,0
2,379.93999999999994,20,21,4419,0
3,360.03999999999996,19,21,4516,0
4,380.0199999999998,20,21,4484,0
5,379.9799999999999,20,21,4417,0
6,340.02,18,21,4472,0
7,380.0599999999999,20,21,4413,0
8,300.08000000000015,16,21,4543,0
9,380.0999999999999,20,21,4617,0
10,320.04,17,21,4509,0
