{
  "experiment": "exp_05",
  "training": {
    "total_episodes": 20000,
    "final_running_avg": 2720.6864202191105,
    "best_episode_reward": 5401.219999999999,
    "worst_episode_reward": -20.60000000000001,
    "mean_episode_reward": 989.0675349999999,
    "std_episode_reward": 1734.2644601894306,
    "early_avg_reward": 193.54968800000003,
    "mid_avg_reward": 852.2509879999999,
    "late_avg_reward": 1455.2347320000001,
    "final_1000_avg_reward": 1824.5101599999998,
    "total_wins": 2670,
    "win_rate_percent": 13.350000000000001,
    "early_win_rate": 0.13999999999999999,
    "late_win_rate": 21.66,
    "final_1000_win_rate": 28.9,
    "mean_episode_length": 4375.02495,
    "std_episode_length": 246.65374015180015,
    "early_episode_length": 4154.3848,
    "late_episode_length": 4457.7544,
    "length_increase_percent": 7.3023952908743555,
    "mean_player_score": 17.07205,
    "std_player_score": 4.857966528233992,
    "mean_cpu_score": 20.8665,
    "std_cpu_score": 0.3401228221932929,
    "final_1000_player_score": 19.96,
    "final_1000_cpu_score": 20.711,
    "mean_score_reward": 341.441,
    "std_score_reward": 97.15933056469535,
    "mean_hit_reward": 0.9930350000000006,
    "std_hit_reward": 0.08349764887630182,
    "mean_loss_penalty": -20.8665,
    "std_loss_penalty": 0.3401228221932929,
    "convergence_50pct": 6778,
    "convergence_75pct": 9559,
    "convergence_90pct": 9585
  },
  "collision": {
    "total_collisions": 547671,
    "total_epochs": 100,
    "early_edge_percent": 61.800000000000004,
    "mid_edge_percent": 90.63636363636364,
    "late_edge_percent": 99.32000000000001,
    "final_edge_percent": 99.35999999999999,
    "edge_increase": 37.52
  }
}