eval_episode,total_reward,player_score,cpu_score,episode_length,win_flag
1,379.97999999999985,20,21,4488,0
2,380.0799999999999,20,21,4483,0
3,340.02,18,21,4413,0
4,319.96000000000004,17,21,4310,0
5,339.94,18,21,4209,0
6,339.98,18,21,4280,0
7,380.0999999999999,20,21,4617,0
8,359.9999999999999,19,21,4509,0
9,279.9000000000002,15,21,4036,0
10,380.01999999999987,20,21,4486,0
